Customer_ID,Customer_Name,Age,Gender
C001,Samantha Smith,53,Female
C002,Jennifer Elliott,56,Male
C003,Kathy Nguyen,36,Male
C004,Richard Vasquez,26,Male
C005,Ian Larsen,36,Male
C006,Michael Taylor,20,Female
C007,Jessica Floyd,40,Male
C008,William Castro,49,Female
C009,Ashley Pham,50,Female
C010,Elizabeth Smith,20,Male
C011,Jamie Anderson,38,Male
C012,Harry Cummings,41,Male
C013,Joseph Rojas,35,Female
C014,Shannon Thompson,39,Female
C015,Monica Wilson,48,Male
C016,Mario Lucas,59,Female
C017,Amber Chang,46,Female
C018,Amy Obrien,29,Male
C019,Ashley Hogan,37,Male
C020,Yesenia White,18,Female
C021,Roy Farmer,58,Female
C022,Glenn Morrison,45,Male
C023,Kimberly Henderson,26,Male
C024,Sarah Smith,43,Female
C025,Derrick Henderson,57,Female
C026,Jacqueline Owen,25,Female
C027,Amanda Harris,37,Male
C028,Jacob Baker,58,Female
C029,Wendy Shaffer,47,Male
C030,Timothy Ramsey,58,Female
C031,Michelle Jensen,37,Female
C032,Mary Carter,28,Female
C033,Sara Landry,58,Male
C034,Matthew Stone,60,Female
C035,Raymond Summers,26,Female
C036,Kara Ball,40,Male
C037,Betty Perkins,39,Female
C038,Robert Thomas,31,Male
C039,Patrick Shaffer,49,Male
C040,Michael Johnson,24,Female
C041,Robin Schmitt,20,Male
C042,April Rodriguez,35,Female
C043,Wesley Allen,42,Male
C044,Kathryn Spears,47,Male
C045,Lisa Tucker,33,Female
C046,Troy Morgan,25,Female
C047,Jason Russo,30,Male
C048,Nancy Tran,50,Male
C049,Michael Dean,37,Female
C050,Jamie Mitchell,53,Female
C051,Shawn Hall,58,Female
C052,Jamie Miller,27,Male
C053,Cynthia Williams DDS,52,Female
C054,Christopher Hartman,51,Male
C055,Brandon Garcia,54,Male
C056,Nathan Keith,49,Female
C057,Cynthia Hanson,43,Male
C058,Kimberly Hopkins,21,Female
C059,Jeffrey Patel,58,Male
C060,Shane Cline,43,Female
C061,Michael Hayes,49,Male
C062,Jay Wilson DVM,49,Female
C063,Elizabeth Smith,34,Female
C064,Johnathan Martinez,18,Female
C065,Jennifer Bright,32,Male
C066,Cristian Raymond,31,Female
C067,Jack Hancock,46,Female
C068,Allison Thomas,58,Female
C069,Brian Higgins,38,Female
C070,Jennifer Simon,57,Female
C071,Michelle Cook,36,Male
C072,Nicholas Jones,26,Male
C073,Melissa Smith,23,Male
C074,Andrea Rowland,50,Female
C075,Daniel Whitehead,45,Male
C076,Allison Boone,28,Male
C077,Julie Caldwell,37,Female
C078,Brenda Johnson,48,Female
C079,Leslie Jackson,54,Female
C080,Jeffrey Simpson,47,Male
C081,Melissa Powell MD,34,Female
C082,Vincent Henderson,25,Female
C083,David Williams,19,Female
C084,Ralph Johnson,20,Female
C085,Joseph Davies,60,Male
C086,Jessica Cherry,33,Female
C087,Matthew Bruce,42,Male
C088,Sydney Ford,26,Male
C089,Isaac House,35,Male
C090,Devon Rowland,44,Male
C091,Leonard Curry,37,Male
C092,Andrew Williams,32,Female
C093,Renee Quinn,50,Female
C094,Tonya Edwards,40,Female
C095,Timothy Diaz,45,Female
C096,Debra Spencer,34,Male
C097,Dr. Allison Davis,57,Male
C098,Alan Dennis,32,Female
C099,Peter Serrano,53,Male
C100,Alexander Elliott,18,Female
C101,Dr. Alan Aguilar,18,Male
C102,Elizabeth West,41,Female
C103,Jacqueline Martin,35,Female
C104,Faith Reynolds,55,Male
C105,Rhonda Merritt,44,Female
C106,Mrs. Brooke Aguilar,52,Female
C107,Nancy Murphy,58,Female
C108,Amanda Carter,22,Male
C109,Erika Villa,36,Female
C110,Dawn White,24,Male
C111,Ashlee Pratt,34,Male
C112,Charles Mcneil,25,Female
C113,Andrew Powell,28,Male
C114,Robert Johnson,60,Male
C115,Linda Peters,41,Male
C116,Wendy Thornton,39,Male
C117,Renee Tucker,56,Male
C118,James King,48,Female
C119,Lauren Gutierrez,39,Male
C120,Cynthia Santos,58,Female
C121,Tammy Payne,38,Male
C122,Johnathan Jones,22,Female
C123,Nicole Crawford,26,Female
C124,Kristen Arnold,37,Male
C125,Mary Williams,26,Male
C126,Deborah Willis,56,Male
C127,James Wright,26,Female
C128,Jenny Thomas,58,Female
C129,Randy Winters,33,Male
C130,Wayne Smith,30,Female
C131,Dr. Chelsea Martin,56,Female
C132,Kathleen Casey,55,Male
C133,Mary Clay,35,Male
C134,Juan Ellis,37,Female
C135,Cynthia Bartlett,31,Female
C136,Debra Juarez,46,Male
C137,Diane Scott,43,Female
C138,Diana Norman,23,Female
C139,Sheri Moran,37,Female
C140,Robert Edwards,41,Female
C141,Erica Evans,36,Female
C142,Phillip Williams,49,Male
C143,Robert Neal,26,Female
C144,Cody Alexander,19,Male
C145,Jonathan Reynolds,45,Male
C146,Heather Nunez,43,Male
C147,Eric Howell,51,Female
C148,Angela Wood,18,Female
C149,Mark Nelson,49,Female
C150,Alicia Sparks,31,Female
C151,Shannon Price,46,Female
C152,Alexandra Stanley,40,Male
C153,Jordan Manning,24,Male
C154,Cody Padilla,57,Female
C155,Ryan Wilson,37,Female
C156,James Edwards,21,Female
C157,Christopher Wright,22,Male
C158,Brandon Ramos,26,Female
C159,Terri Martin,38,Male
C160,Patricia Gonzalez,50,Female
C161,Terry Keller,24,Female
C162,Brenda Stewart,50,Male
C163,Deanna Jensen,53,Male
C164,Scott Ryan,56,Male
C165,William Farrell,21,Female
C166,John Jackson MD,60,Female
C167,Jeffrey Hanna,37,Male
C168,Micheal Hughes,45,Female
C169,Nicolas Bright,54,Male
C170,Anthony Salazar,45,Male
C171,Shane Clark,24,Female
C172,Robert Wheeler,48,Female
C173,Madison Martinez,49,Female
C174,Michael Johnson,56,Male
C175,William Dean,23,Female
C176,Leonard York,46,Female
C177,Jennifer Brown,25,Male
C178,Jacob Pierce,31,Male
C179,Amber Mullins,49,Male
C180,Joel Myers,27,Male
C181,Christina Carter,18,Female
C182,Nicholas Robertson,60,Female
C183,Bridget Evans,60,Male
C184,Matthew Woodward,18,Male
C185,Monica Martinez,31,Female
C186,Bill Morales,39,Female
C187,Brittney Martinez,57,Male
C188,Johnathan Smith,58,Female
C189,Samantha Fuentes,22,Female
C190,Michael Adams,21,Male
C191,Emily Martinez,39,Female
C192,Danielle Chavez,20,Male
C193,Lauren Kennedy,21,Male
C194,Nicholas Smith,29,Female
C195,Aaron Sosa,58,Male
C196,John Robinson,48,Female
C197,Courtney Friedman,23,Male
C198,Sean Clark,22,Female
C199,Brandi Nichols,55,Male
C200,Wendy Perez,43,Male
