Order_ID,Customer_ID,Product,Category,Sales,Profit,Region,Order_Date
O0001,C144,Headphones,Electronics,7204,915.09,South,2025-06-16
O0002,C182,Chair,Furniture,26428,4940.91,West,2025-03-28
O0003,C083,Sofa,Furniture,1684,420.38,South,2025-11-13
O0004,C069,Monitor,Electronics,5393,566.1,West,2024-11-20
O0005,C102,Keyboard,Electronics,32555,4007.93,North,2024-06-21
O0006,C103,Mouse,Electronics,3684,565.11,West,2024-11-01
O0007,C146,Monitor,Electronics,40477,6399.5,South,2026-04-08
O0008,C046,Mobile,Electronics,43584,8982.01,North,2026-06-04
O0009,C155,Printer,Electronics,59551,11136.74,East,2025-01-23
O0010,C140,Mobile,Electronics,44233,9643.02,North,2026-05-12
O0011,C039,Keyboard,Electronics,39324,3872.94,East,2025-12-26
O0012,C194,Laptop,Electronics,59530,7822.05,West,2024-10-29
O0013,C088,Table,Furniture,15245,3590.02,West,2024-07-30
O0014,C083,Keyboard,Electronics,27246,4386.95,East,2024-07-27
O0015,C160,Keyboard,Electronics,45859,7204.48,North,2026-01-18
O0016,C184,Sofa,Furniture,12357,2229.7,North,2026-02-25
O0017,C095,Mouse,Electronics,21791,4506.14,West,2025-12-03
O0018,C125,Mouse,Electronics,40375,5593.32,East,2024-08-31
O0019,C158,Keyboard,Electronics,4430,1065.33,North,2024-12-11
O0020,C068,Mouse,Electronics,55335,4699.34,East,2025-08-12
O0021,C148,Mobile,Electronics,45796,7789.36,North,2025-12-14
O0022,C022,Chair,Furniture,12891,2612.76,East,2025-05-07
O0023,C159,Table,Furniture,42768,6593.55,West,2024-11-22
O0024,C099,Mobile,Electronics,30395,7532.35,West,2025-12-19
O0025,C032,Chair,Furniture,2336,290.67,South,2024-07-28
O0026,C026,Sofa,Furniture,2809,530.34,West,2025-09-06
O0027,C014,Printer,Electronics,49961,10238.75,East,2025-12-07
O0028,C031,Printer,Electronics,22643,4467.19,South,2026-02-09
O0029,C120,Keyboard,Electronics,56483,14038.66,West,2025-03-02
O0030,C057,Sofa,Furniture,52012,7448.03,East,2025-08-20
O0031,C009,Table,Furniture,16869,2709.82,North,2025-11-11
O0032,C046,Printer,Electronics,52112,11266.68,West,2025-05-11
O0033,C190,Chair,Furniture,5919,1085.95,West,2024-12-11
O0034,C012,Headphones,Electronics,49817,5118.14,South,2024-11-22
O0035,C025,Table,Furniture,28722,2857.88,North,2024-10-17
O0036,C152,Printer,Electronics,9176,2260.4,East,2024-08-20
O0037,C066,Headphones,Electronics,57974,7228.69,South,2025-08-06
O0038,C007,Monitor,Electronics,46781,6561.95,South,2025-08-16
O0039,C067,Chair,Furniture,19634,3442.17,East,2025-01-23
O0040,C146,Sofa,Furniture,28000,5681.37,East,2026-04-28
O0041,C044,Keyboard,Electronics,15983,2694.73,East,2025-02-08
O0042,C008,Sofa,Furniture,49675,4716.69,North,2025-04-12
O0043,C169,Headphones,Electronics,32504,6685.37,East,2026-04-21
O0044,C081,Keyboard,Electronics,56060,7800.29,East,2025-01-02
O0045,C041,Monitor,Electronics,51166,8755.1,East,2025-01-19
O0046,C109,Mobile,Electronics,52748,12612.43,East,2025-02-08
O0047,C174,Mobile,Electronics,8431,2034.49,East,2025-11-22
O0048,C147,Printer,Electronics,44488,9860.77,South,2025-02-11
O0049,C152,Mouse,Electronics,28587,5363.45,North,2025-07-09
O0050,C004,Chair,Furniture,59556,14757.21,East,2024-12-07
O0051,C184,Chair,Furniture,58446,10034.17,East,2024-07-02
O0052,C091,Mobile,Electronics,21794,2645.33,North,2026-02-27
O0053,C110,Mobile,Electronics,6565,1553.99,East,2024-07-24
O0054,C024,Table,Furniture,50519,11498.8,South,2026-03-29
O0055,C195,Table,Furniture,57518,4963.62,West,2025-12-14
O0056,C026,Monitor,Electronics,30171,3824.57,North,2025-07-24
O0057,C021,Table,Furniture,23141,3501.16,South,2025-03-14
O0058,C129,Headphones,Electronics,48400,9775.5,West,2025-11-02
O0059,C053,Table,Furniture,48925,8391.74,East,2025-12-07
O0060,C047,Printer,Electronics,3205,411.56,North,2025-06-24
O0061,C036,Keyboard,Electronics,3519,741.25,West,2024-06-27
O0062,C127,Sofa,Furniture,25880,4740.95,North,2026-02-10
O0063,C076,Headphones,Electronics,41521,6408.7,South,2024-06-19
O0064,C195,Chair,Furniture,25854,5572.6,South,2026-06-05
O0065,C172,Laptop,Electronics,37114,8912.13,South,2026-05-16
O0066,C042,Laptop,Electronics,4228,904.84,West,2026-03-11
O0067,C113,Mobile,Electronics,47916,7122.83,South,2025-05-05
O0068,C004,Chair,Furniture,41697,4580.11,West,2025-06-11
O0069,C098,Monitor,Electronics,42488,5385.33,West,2026-05-24
O0070,C010,Sofa,Furniture,31759,7492.53,North,2024-11-20
O0071,C160,Monitor,Electronics,8049,957.74,South,2025-11-04
O0072,C003,Laptop,Electronics,39609,8550.71,West,2025-06-19
O0073,C161,Laptop,Electronics,8741,931.64,East,2024-12-27
O0074,C016,Chair,Furniture,57278,10957.48,North,2024-08-25
O0075,C180,Mobile,Electronics,32671,5245.4,South,2025-02-14
O0076,C026,Sofa,Furniture,10291,943.61,South,2026-04-02
O0077,C179,Printer,Electronics,29537,6244.89,West,2025-06-23
O0078,C101,Keyboard,Electronics,17562,2702.38,South,2024-12-12
O0079,C173,Sofa,Furniture,11228,2670.08,East,2024-09-23
O0080,C092,Headphones,Electronics,13205,2991.23,West,2024-12-30
O0081,C134,Printer,Electronics,56323,7077.4,North,2025-05-23
O0082,C016,Headphones,Electronics,39510,3232.99,South,2024-11-02
O0083,C188,Printer,Electronics,20549,3267.43,East,2026-04-12
O0084,C030,Mouse,Electronics,46044,8349.11,West,2025-08-16
O0085,C088,Chair,Furniture,18366,3914.98,South,2025-09-23
O0086,C189,Mobile,Electronics,22716,1868.62,West,2025-12-01
O0087,C027,Chair,Furniture,30928,6356.69,North,2024-10-10
O0088,C140,Monitor,Electronics,8153,958.69,South,2025-09-23
O0089,C125,Sofa,Furniture,59160,14606.11,West,2026-02-06
O0090,C164,Chair,Furniture,57380,4665.94,West,2026-03-20
O0091,C028,Keyboard,Electronics,30631,3716.52,East,2024-10-04
O0092,C012,Mouse,Electronics,13480,2575.2,South,2025-12-10
O0093,C072,Mobile,Electronics,46334,5414.95,North,2025-09-12
O0094,C020,Sofa,Furniture,37055,8328.65,West,2025-10-13
O0095,C187,Laptop,Electronics,16744,2777.24,East,2024-07-18
O0096,C027,Monitor,Electronics,52116,4290.87,East,2025-12-05
O0097,C119,Printer,Electronics,5136,1220.0,South,2025-03-11
O0098,C122,Laptop,Electronics,13795,2946.37,North,2025-09-09
O0099,C120,Chair,Furniture,12194,2512.06,East,2024-09-05
O0100,C169,Mobile,Electronics,55554,5327.63,South,2026-05-07
O0101,C191,Mobile,Electronics,5464,730.95,North,2025-05-02
O0102,C189,Chair,Furniture,48452,6574.25,South,2025-11-03
O0103,C067,Table,Furniture,22343,5557.32,North,2026-02-13
O0104,C135,Laptop,Electronics,14309,3407.83,North,2024-12-24
O0105,C071,Mobile,Electronics,725,132.91,East,2026-02-07
O0106,C044,Mouse,Electronics,1271,312.5,East,2025-11-23
O0107,C054,Sofa,Furniture,33199,7530.69,South,2024-08-04
O0108,C087,Laptop,Electronics,30530,3552.99,North,2024-12-30
O0109,C015,Mouse,Electronics,51299,8382.7,East,2025-05-06
O0110,C094,Mouse,Electronics,7503,1795.4,East,2025-04-07
O0111,C074,Mobile,Electronics,6327,723.01,East,2025-11-16
O0112,C194,Monitor,Electronics,51118,9911.97,North,2025-01-25
O0113,C078,Headphones,Electronics,4606,1032.73,South,2025-07-16
O0114,C035,Laptop,Electronics,54933,13002.32,East,2024-09-02
O0115,C163,Sofa,Furniture,2987,267.79,West,2026-04-23
O0116,C134,Printer,Electronics,13671,1776.63,North,2026-02-08
O0117,C145,Headphones,Electronics,10712,1931.47,South,2025-02-06
O0118,C039,Mouse,Electronics,44082,5103.65,North,2025-02-25
O0119,C102,Sofa,Furniture,58700,14093.33,North,2026-01-26
O0120,C072,Keyboard,Electronics,19311,4151.83,South,2024-08-22
O0121,C158,Table,Furniture,51760,12293.89,South,2025-02-02
O0122,C072,Keyboard,Electronics,25837,2730.05,West,2026-02-22
O0123,C003,Chair,Furniture,47189,10900.21,East,2024-07-31
O0124,C035,Keyboard,Electronics,48223,5713.85,North,2026-04-27
O0125,C130,Chair,Furniture,48777,9363.31,West,2024-08-29
O0126,C098,Table,Furniture,39665,8954.02,East,2024-10-23
O0127,C005,Printer,Electronics,19963,3153.74,South,2024-12-24
O0128,C092,Keyboard,Electronics,17727,2990.77,West,2026-04-30
O0129,C014,Monitor,Electronics,13344,2505.59,West,2024-09-23
O0130,C138,Sofa,Furniture,33649,7644.95,South,2026-01-15
O0131,C111,Keyboard,Electronics,4061,729.17,East,2025-05-15
O0132,C151,Mouse,Electronics,4277,406.06,East,2025-01-18
O0133,C037,Headphones,Electronics,56373,12061.04,West,2024-12-24
O0134,C045,Printer,Electronics,1382,205.74,North,2025-03-15
O0135,C154,Headphones,Electronics,6557,1472.1,East,2024-07-08
O0136,C083,Mobile,Electronics,57225,8979.01,South,2026-05-09
O0137,C185,Chair,Furniture,56980,6805.5,North,2026-01-22
O0138,C001,Printer,Electronics,39083,4038.95,East,2024-10-31
O0139,C044,Keyboard,Electronics,57203,12311.26,South,2026-02-01
O0140,C129,Monitor,Electronics,59584,12415.41,North,2026-04-30
O0141,C100,Mobile,Electronics,1276,269.0,West,2026-02-26
O0142,C097,Chair,Furniture,42779,5638.74,East,2025-10-01
O0143,C142,Laptop,Electronics,23775,4332.27,West,2026-05-23
O0144,C186,Laptop,Electronics,5091,909.61,North,2025-05-19
O0145,C197,Mobile,Electronics,36147,3213.38,North,2025-07-11
O0146,C023,Table,Furniture,54988,10338.17,East,2024-08-23
O0147,C074,Sofa,Furniture,1311,293.87,North,2025-06-11
O0148,C072,Laptop,Electronics,58043,5716.14,South,2025-02-15
O0149,C024,Table,Furniture,18640,3428.38,East,2025-12-04
O0150,C174,Laptop,Electronics,29421,3890.71,South,2026-03-12
O0151,C168,Laptop,Electronics,34521,4952.05,East,2025-01-10
O0152,C144,Sofa,Furniture,25950,4148.01,East,2026-03-08
O0153,C079,Mobile,Electronics,31261,3553.18,South,2024-06-20
O0154,C185,Laptop,Electronics,10660,1895.97,North,2025-09-17
O0155,C019,Laptop,Electronics,56641,5823.75,West,2025-12-27
O0156,C093,Chair,Furniture,59658,13785.14,South,2025-09-25
O0157,C085,Chair,Furniture,762,107.34,East,2025-04-27
O0158,C060,Keyboard,Electronics,23532,3595.97,West,2025-06-28
O0159,C008,Headphones,Electronics,34500,7975.66,North,2025-01-25
O0160,C053,Mobile,Electronics,1677,269.16,East,2025-03-30
O0161,C029,Chair,Furniture,51332,11825.23,North,2025-07-06
O0162,C173,Mobile,Electronics,38574,7888.59,North,2024-10-25
O0163,C182,Laptop,Electronics,35493,3919.74,North,2025-07-07
O0164,C133,Table,Furniture,33976,3416.06,East,2024-09-19
O0165,C030,Laptop,Electronics,35746,7025.5,West,2024-07-11
O0166,C094,Mouse,Electronics,15874,2083.75,West,2024-09-11
O0167,C089,Chair,Furniture,4527,1024.17,South,2025-03-29
O0168,C140,Table,Furniture,45074,10324.72,North,2024-10-15
O0169,C087,Printer,Electronics,12203,1056.27,East,2026-01-03
O0170,C153,Headphones,Electronics,42563,6420.82,South,2025-04-16
O0171,C156,Mouse,Electronics,22177,2006.32,South,2025-06-27
O0172,C103,Sofa,Furniture,11129,1351.87,South,2026-01-30
O0173,C138,Mouse,Electronics,57914,6816.99,West,2025-02-17
O0174,C043,Laptop,Electronics,59020,8817.14,North,2025-05-04
O0175,C026,Mouse,Electronics,29939,3683.9,South,2025-04-07
O0176,C192,Laptop,Electronics,49576,8096.64,South,2024-07-07
O0177,C050,Printer,Electronics,45022,3836.03,North,2026-04-04
O0178,C158,Chair,Furniture,19745,3962.1,South,2025-08-27
O0179,C024,Laptop,Electronics,24955,2274.5,West,2025-07-28
O0180,C081,Table,Furniture,47673,9815.8,South,2025-11-17
O0181,C158,Mobile,Electronics,3816,638.52,East,2024-11-06
O0182,C035,Headphones,Electronics,25876,2274.37,East,2025-10-29
O0183,C179,Chair,Furniture,42465,6655.45,East,2025-03-31
O0184,C197,Sofa,Furniture,55961,6954.39,West,2025-06-06
O0185,C026,Sofa,Furniture,48733,7721.27,North,2026-04-05
O0186,C103,Mouse,Electronics,15705,3494.86,North,2025-06-12
O0187,C020,Chair,Furniture,30107,6276.2,West,2025-05-03
O0188,C125,Monitor,Electronics,12434,2757.24,North,2025-05-17
O0189,C147,Sofa,Furniture,2869,673.91,South,2025-09-26
O0190,C031,Chair,Furniture,35751,3788.3,North,2025-06-03
O0191,C099,Printer,Electronics,50555,9201.95,West,2025-09-22
O0192,C094,Mobile,Electronics,58544,9146.65,South,2025-05-08
O0193,C056,Printer,Electronics,49439,5585.27,South,2026-03-09
O0194,C033,Sofa,Furniture,34898,3465.78,North,2025-06-07
O0195,C125,Sofa,Furniture,56659,7459.38,South,2024-07-07
O0196,C084,Table,Furniture,3908,758.61,West,2025-12-26
O0197,C111,Chair,Furniture,659,137.66,East,2025-06-15
O0198,C015,Table,Furniture,32313,5481.52,West,2025-08-30
O0199,C069,Laptop,Electronics,20415,3311.48,South,2025-05-11
O0200,C145,Mouse,Electronics,2572,358.22,West,2025-04-02
O0201,C115,Laptop,Electronics,59045,9833.69,North,2026-02-19
O0202,C117,Headphones,Electronics,23157,3386.01,South,2025-01-22
O0203,C010,Printer,Electronics,4933,776.45,East,2025-10-22
O0204,C039,Sofa,Furniture,51595,4245.03,East,2025-05-11
O0205,C087,Keyboard,Electronics,3900,410.84,North,2026-02-19
O0206,C069,Keyboard,Electronics,3986,996.42,West,2025-04-17
O0207,C066,Printer,Electronics,13916,2032.84,North,2026-01-28
O0208,C033,Chair,Furniture,24670,4510.54,North,2025-03-30
O0209,C162,Mouse,Electronics,34654,5090.94,East,2025-07-29
O0210,C196,Printer,Electronics,30285,4060.04,South,2026-01-21
O0211,C020,Monitor,Electronics,21242,5015.03,East,2024-07-26
O0212,C135,Mouse,Electronics,55652,9656.93,West,2024-10-18
O0213,C143,Laptop,Electronics,27335,2664.42,East,2025-08-10
O0214,C127,Printer,Electronics,20036,3651.76,South,2024-09-13
O0215,C022,Mouse,Electronics,3826,940.94,East,2025-04-01
O0216,C133,Monitor,Electronics,13495,1461.49,East,2025-12-15
O0217,C001,Table,Furniture,34686,7370.72,West,2025-05-04
O0218,C097,Chair,Furniture,7138,1740.09,North,2026-03-18
O0219,C135,Keyboard,Electronics,12434,2041.23,East,2025-06-05
O0220,C134,Mouse,Electronics,5738,995.33,North,2024-10-27
O0221,C099,Mobile,Electronics,9893,1834.2,North,2024-09-02
O0222,C162,Printer,Electronics,13361,2362.38,West,2024-11-29
O0223,C139,Table,Furniture,54504,6321.48,North,2024-12-23
O0224,C178,Table,Furniture,33390,4833.75,South,2025-05-08
O0225,C086,Table,Furniture,47731,8969.68,North,2026-03-11
O0226,C065,Printer,Electronics,5819,1391.99,West,2025-04-01
O0227,C008,Mouse,Electronics,19174,1941.16,North,2024-09-30
O0228,C058,Monitor,Electronics,29854,6319.97,South,2025-11-15
O0229,C096,Sofa,Furniture,13273,2287.32,North,2026-04-16
O0230,C141,Headphones,Electronics,5376,1079.48,East,2024-10-13
O0231,C167,Laptop,Electronics,59017,7324.61,East,2026-03-28
O0232,C186,Keyboard,Electronics,3025,261.66,North,2026-04-26
O0233,C006,Laptop,Electronics,25573,4656.43,East,2025-04-27
O0234,C058,Mobile,Electronics,3841,894.16,West,2026-03-28
O0235,C125,Headphones,Electronics,50073,5510.07,North,2024-12-20
O0236,C137,Keyboard,Electronics,43120,7087.9,South,2025-12-15
O0237,C002,Headphones,Electronics,21490,3306.29,East,2025-11-26
O0238,C146,Laptop,Electronics,56823,12372.74,West,2024-08-19
O0239,C108,Table,Furniture,18737,2425.07,South,2026-04-09
O0240,C012,Chair,Furniture,16912,2904.67,West,2026-03-30
O0241,C023,Monitor,Electronics,18894,3502.1,South,2026-06-06
O0242,C056,Mobile,Electronics,49239,7485.87,North,2026-02-03
O0243,C005,Table,Furniture,56853,14008.56,West,2025-07-18
O0244,C100,Laptop,Electronics,15172,1941.19,West,2025-11-02
O0245,C075,Printer,Electronics,25308,5626.22,North,2025-06-12
O0246,C131,Monitor,Electronics,44371,4537.12,East,2024-07-27
O0247,C055,Monitor,Electronics,58070,9311.89,East,2025-09-24
O0248,C116,Monitor,Electronics,24307,4576.09,South,2025-06-25
O0249,C011,Laptop,Electronics,42985,10378.29,North,2025-02-08
O0250,C174,Mobile,Electronics,14995,3634.73,East,2024-09-29
O0251,C175,Headphones,Electronics,4327,612.21,West,2025-04-07
O0252,C200,Table,Furniture,53574,6058.04,North,2024-06-23
O0253,C043,Laptop,Electronics,59766,14785.18,West,2025-04-18
O0254,C040,Laptop,Electronics,9110,1973.25,South,2024-08-24
O0255,C106,Headphones,Electronics,39321,4063.04,North,2026-06-05
O0256,C070,Monitor,Electronics,19740,3028.85,South,2024-11-10
O0257,C090,Mobile,Electronics,30134,3725.26,North,2025-11-17
O0258,C046,Headphones,Electronics,22225,4672.19,West,2025-04-11
O0259,C112,Monitor,Electronics,52156,10085.96,West,2025-09-30
O0260,C127,Monitor,Electronics,40700,6747.68,West,2024-07-12
O0261,C011,Table,Furniture,25937,4705.51,West,2024-10-30
O0262,C172,Mouse,Electronics,10339,2472.01,South,2026-01-18
O0263,C019,Mouse,Electronics,3190,290.87,East,2025-01-20
O0264,C153,Mobile,Electronics,59907,9332.16,North,2024-10-21
O0265,C097,Sofa,Furniture,3377,539.38,West,2025-11-01
O0266,C073,Headphones,Electronics,7424,1579.3,West,2025-01-25
O0267,C124,Chair,Furniture,26389,2969.9,West,2025-03-30
O0268,C046,Laptop,Electronics,40773,9502.18,East,2025-08-28
O0269,C091,Headphones,Electronics,3086,489.0,East,2025-07-16
O0270,C172,Keyboard,Electronics,15382,2373.0,East,2024-07-24
O0271,C098,Mobile,Electronics,9732,1812.96,North,2026-03-07
O0272,C128,Headphones,Electronics,47640,9215.78,North,2026-03-11
O0273,C160,Mouse,Electronics,1519,266.51,East,2024-07-01
O0274,C074,Keyboard,Electronics,35280,7273.56,South,2025-03-18
O0275,C010,Printer,Electronics,31102,3844.79,East,2024-07-09
O0276,C069,Laptop,Electronics,26397,4461.82,West,2024-10-28
O0277,C028,Keyboard,Electronics,28352,4720.56,South,2025-03-17
O0278,C010,Sofa,Furniture,38335,5414.62,North,2026-04-28
O0279,C184,Sofa,Furniture,31676,3672.42,West,2024-12-16
O0280,C119,Printer,Electronics,57736,12705.0,South,2026-04-22
O0281,C062,Laptop,Electronics,43747,7906.94,East,2024-10-08
O0282,C138,Mobile,Electronics,45969,4800.25,East,2026-02-11
O0283,C060,Mouse,Electronics,1692,263.26,West,2025-07-26
O0284,C059,Mobile,Electronics,41439,5651.95,West,2024-11-18
O0285,C022,Monitor,Electronics,9959,2370.68,West,2025-01-25
O0286,C045,Keyboard,Electronics,43688,10503.41,East,2025-07-27
O0287,C156,Chair,Furniture,23907,5338.47,North,2026-05-05
O0288,C024,Mouse,Electronics,55035,10567.42,South,2025-03-10
O0289,C047,Printer,Electronics,33822,8131.25,South,2026-05-24
O0290,C133,Headphones,Electronics,52710,12077.22,North,2025-07-27
O0291,C152,Table,Furniture,22892,4689.51,North,2026-05-14
O0292,C104,Laptop,Electronics,11907,1534.21,North,2025-01-11
O0293,C030,Sofa,Furniture,30680,5323.7,West,2024-08-11
O0294,C108,Headphones,Electronics,2196,386.8,West,2025-11-25
O0295,C182,Sofa,Furniture,11928,1735.84,East,2025-02-24
O0296,C013,Chair,Furniture,26245,5039.96,North,2025-11-20
O0297,C073,Laptop,Electronics,694,118.07,West,2024-11-23
O0298,C117,Table,Furniture,19687,3765.85,West,2024-10-19
O0299,C082,Keyboard,Electronics,43578,9913.59,North,2025-01-15
O0300,C195,Sofa,Furniture,46681,6283.57,North,2026-05-26
O0301,C063,Monitor,Electronics,38197,7469.95,North,2024-07-02
O0302,C090,Sofa,Furniture,54311,10303.69,East,2024-11-24
O0303,C177,Keyboard,Electronics,37358,4156.02,East,2024-07-22
O0304,C141,Monitor,Electronics,31812,3686.64,South,2026-06-15
O0305,C176,Mouse,Electronics,43937,5598.13,West,2026-05-20
O0306,C121,Printer,Electronics,24158,5641.56,East,2024-07-14
O0307,C193,Keyboard,Electronics,3943,671.25,East,2025-02-06
O0308,C036,Printer,Electronics,38978,8734.67,West,2024-09-18
O0309,C015,Printer,Electronics,36129,2922.8,North,2025-07-28
O0310,C090,Chair,Furniture,7672,886.09,West,2025-04-21
O0311,C160,Table,Furniture,40944,7209.45,South,2025-08-19
O0312,C034,Laptop,Electronics,23058,5276.25,North,2025-01-11
O0313,C103,Mobile,Electronics,1147,276.41,South,2025-08-26
O0314,C182,Headphones,Electronics,21407,4201.18,West,2026-02-24
O0315,C013,Printer,Electronics,12670,1510.74,North,2026-02-07
O0316,C097,Chair,Furniture,14580,1796.16,North,2026-02-15
O0317,C140,Headphones,Electronics,36026,8279.67,West,2024-11-13
O0318,C013,Keyboard,Electronics,41615,8088.83,East,2025-05-01
O0319,C194,Table,Furniture,8580,2003.0,East,2025-09-13
O0320,C138,Headphones,Electronics,19494,4687.8,South,2025-10-30
O0321,C111,Chair,Furniture,17083,3611.14,East,2025-11-12
O0322,C038,Keyboard,Electronics,14966,1700.4,North,2026-02-18
O0323,C106,Laptop,Electronics,4901,803.44,South,2025-08-23
O0324,C125,Keyboard,Electronics,25247,4941.28,East,2025-08-30
O0325,C151,Mobile,Electronics,50296,4413.13,North,2025-08-22
O0326,C086,Mouse,Electronics,26115,4508.65,West,2026-01-10
O0327,C039,Printer,Electronics,13997,3079.96,West,2024-06-22
O0328,C174,Mobile,Electronics,53736,8528.03,North,2025-12-10
O0329,C036,Laptop,Electronics,37684,3124.46,North,2026-05-29
O0330,C058,Mobile,Electronics,37986,7217.17,East,2025-08-08
O0331,C042,Keyboard,Electronics,15935,3792.52,East,2025-06-26
O0332,C175,Printer,Electronics,59725,9870.98,South,2025-02-10
O0333,C005,Chair,Furniture,41221,5626.53,West,2026-06-05
O0334,C067,Laptop,Electronics,15630,2598.02,East,2025-10-17
O0335,C024,Sofa,Furniture,58483,12770.63,North,2024-08-31
O0336,C068,Mouse,Electronics,22166,3486.73,West,2024-06-17
O0337,C156,Mobile,Electronics,7888,708.03,East,2025-12-10
O0338,C165,Printer,Electronics,36816,3185.4,West,2025-07-07
O0339,C129,Mouse,Electronics,20614,2376.39,North,2026-02-09
O0340,C143,Sofa,Furniture,41709,5697.66,East,2024-11-14
O0341,C007,Printer,Electronics,20772,4939.99,West,2026-05-31
O0342,C062,Keyboard,Electronics,32791,4911.43,West,2025-04-19
O0343,C101,Mouse,Electronics,5365,810.29,North,2024-07-19
O0344,C062,Keyboard,Electronics,59122,8187.44,West,2025-11-11
O0345,C076,Laptop,Electronics,52453,10869.52,East,2024-08-06
O0346,C135,Table,Furniture,41381,4484.06,South,2025-08-31
O0347,C072,Mouse,Electronics,18909,1530.77,West,2026-01-17
O0348,C058,Mobile,Electronics,51349,4934.59,East,2026-05-30
O0349,C147,Mouse,Electronics,23589,3622.33,West,2025-03-28
O0350,C097,Mouse,Electronics,49730,10526.44,North,2024-09-30
O0351,C104,Keyboard,Electronics,52507,8771.04,South,2025-09-05
O0352,C146,Mouse,Electronics,37692,6620.45,North,2026-01-17
O0353,C095,Mobile,Electronics,18294,3078.22,East,2024-10-11
O0354,C130,Mobile,Electronics,17629,1569.38,South,2025-03-30
O0355,C102,Mouse,Electronics,38243,7156.07,North,2026-03-14
O0356,C049,Laptop,Electronics,14549,1308.48,East,2025-09-20
O0357,C035,Printer,Electronics,48210,9326.9,West,2025-08-15
O0358,C193,Laptop,Electronics,8971,882.5,West,2024-09-07
O0359,C111,Table,Furniture,43363,6742.47,West,2025-06-18
O0360,C157,Mouse,Electronics,43871,4560.41,East,2026-05-17
O0361,C009,Table,Furniture,13652,1161.98,East,2025-11-23
O0362,C184,Sofa,Furniture,52500,4332.58,South,2025-09-23
O0363,C024,Mobile,Electronics,52119,8981.25,South,2025-08-06
O0364,C055,Mobile,Electronics,45996,6010.03,East,2025-12-03
O0365,C037,Table,Furniture,2781,580.84,North,2024-12-18
O0366,C036,Mobile,Electronics,45162,4212.07,East,2025-04-11
O0367,C045,Printer,Electronics,12801,2219.57,East,2025-10-13
O0368,C186,Laptop,Electronics,26565,2576.92,North,2025-12-15
O0369,C040,Sofa,Furniture,10123,1271.64,West,2025-03-09
O0370,C111,Monitor,Electronics,9923,1203.77,East,2025-12-20
O0371,C150,Headphones,Electronics,29425,3084.14,East,2026-01-03
O0372,C140,Laptop,Electronics,29630,3672.65,West,2025-09-16
O0373,C150,Headphones,Electronics,3092,375.84,West,2024-06-22
O0374,C200,Keyboard,Electronics,23128,4569.39,West,2024-07-26
O0375,C119,Printer,Electronics,24269,2723.16,East,2024-08-16
O0376,C060,Chair,Furniture,21530,4722.49,South,2025-09-09
O0377,C065,Sofa,Furniture,56028,12432.28,South,2025-01-07
O0378,C179,Sofa,Furniture,38474,5005.6,South,2024-11-29
O0379,C081,Headphones,Electronics,55834,9787.86,North,2025-12-28
O0380,C179,Sofa,Furniture,36825,8054.27,East,2024-11-20
O0381,C100,Printer,Electronics,55289,10002.18,North,2026-05-28
O0382,C188,Mobile,Electronics,57439,7055.73,North,2025-08-12
O0383,C183,Table,Furniture,48870,4504.21,West,2024-07-27
O0384,C070,Headphones,Electronics,49434,4284.18,North,2025-05-27
O0385,C085,Printer,Electronics,34130,6854.09,West,2024-07-26
O0386,C057,Mouse,Electronics,56750,6828.61,West,2025-10-26
O0387,C149,Keyboard,Electronics,12580,1408.81,West,2026-04-26
O0388,C063,Monitor,Electronics,39325,5745.55,North,2025-04-18
O0389,C117,Keyboard,Electronics,14036,3253.61,West,2025-01-02
O0390,C052,Mouse,Electronics,23395,2020.84,North,2026-03-31
O0391,C041,Printer,Electronics,9259,1628.27,West,2026-04-04
O0392,C156,Monitor,Electronics,39757,8513.2,South,2024-08-21
O0393,C077,Laptop,Electronics,24349,2319.15,West,2024-09-15
O0394,C197,Mobile,Electronics,13403,1194.64,North,2025-12-29
O0395,C123,Keyboard,Electronics,51903,5833.83,West,2025-02-20
O0396,C170,Monitor,Electronics,41269,8363.71,North,2025-10-28
O0397,C181,Table,Furniture,49479,6473.23,East,2024-11-20
O0398,C091,Sofa,Furniture,43258,7473.97,West,2025-04-01
O0399,C060,Headphones,Electronics,40955,3651.98,East,2025-11-19
O0400,C147,Mobile,Electronics,5449,437.58,North,2024-10-03
O0401,C119,Sofa,Furniture,42850,4993.93,West,2025-11-01
O0402,C005,Laptop,Electronics,14858,2230.19,South,2025-09-10
O0403,C200,Mouse,Electronics,48315,11865.74,North,2024-11-21
O0404,C119,Mobile,Electronics,31802,6091.21,West,2025-12-09
O0405,C194,Monitor,Electronics,2145,368.15,South,2025-10-19
O0406,C043,Keyboard,Electronics,8652,1998.76,West,2025-09-30
O0407,C130,Mobile,Electronics,54591,13296.52,North,2024-08-01
O0408,C068,Chair,Furniture,11218,1079.2,West,2025-09-08
O0409,C011,Mobile,Electronics,50554,8716.51,South,2026-05-15
O0410,C122,Sofa,Furniture,36704,7170.18,North,2025-08-14
O0411,C135,Chair,Furniture,15248,2785.75,West,2026-02-13
O0412,C113,Keyboard,Electronics,32371,4354.48,West,2025-12-23
O0413,C040,Mouse,Electronics,16983,3966.87,West,2026-06-16
O0414,C172,Keyboard,Electronics,22472,4299.46,West,2026-03-12
O0415,C187,Mouse,Electronics,49187,4390.83,North,2024-08-04
O0416,C047,Mouse,Electronics,50386,10297.72,East,2025-11-27
O0417,C050,Table,Furniture,6767,908.04,West,2025-05-06
O0418,C062,Printer,Electronics,12089,1237.75,West,2025-04-01
O0419,C010,Printer,Electronics,47406,8642.64,North,2026-04-16
O0420,C043,Laptop,Electronics,31947,6576.99,East,2024-10-03
O0421,C097,Mouse,Electronics,48296,7584.79,East,2026-04-27
O0422,C067,Monitor,Electronics,43924,3807.35,East,2025-07-22
O0423,C179,Mouse,Electronics,5315,537.03,North,2025-05-02
O0424,C033,Printer,Electronics,52805,10501.53,South,2025-04-21
O0425,C175,Chair,Furniture,2952,677.56,South,2024-11-11
O0426,C160,Chair,Furniture,9445,760.32,East,2026-03-10
O0427,C044,Mobile,Electronics,39880,3771.23,East,2025-01-24
O0428,C056,Keyboard,Electronics,31265,2784.34,East,2025-06-28
O0429,C017,Sofa,Furniture,18564,4066.46,East,2025-05-02
O0430,C018,Mouse,Electronics,1355,246.11,West,2026-01-14
O0431,C127,Chair,Furniture,23414,5450.66,North,2025-09-21
O0432,C069,Table,Furniture,27982,5630.28,West,2025-02-01
O0433,C154,Chair,Furniture,29762,5572.07,West,2026-03-01
O0434,C127,Monitor,Electronics,57814,5043.45,North,2025-04-25
O0435,C128,Table,Furniture,52853,10382.93,South,2025-03-09
O0436,C098,Mouse,Electronics,15445,2526.44,West,2024-11-18
O0437,C125,Printer,Electronics,15322,1918.74,West,2025-05-26
O0438,C083,Headphones,Electronics,31060,5285.67,West,2025-12-06
O0439,C161,Keyboard,Electronics,830,170.18,West,2026-03-28
O0440,C106,Monitor,Electronics,7760,1654.57,South,2025-08-30
O0441,C181,Mouse,Electronics,25463,6266.3,East,2024-09-16
O0442,C038,Sofa,Furniture,46433,7515.92,West,2024-09-17
O0443,C015,Printer,Electronics,56719,13541.89,West,2025-01-27
O0444,C131,Mouse,Electronics,56194,5594.93,North,2026-03-12
O0445,C031,Table,Furniture,34611,8285.99,West,2025-02-21
O0446,C066,Sofa,Furniture,38186,6175.25,North,2025-02-27
O0447,C046,Printer,Electronics,40506,4412.47,North,2025-05-31
O0448,C018,Printer,Electronics,49264,9423.6,West,2025-12-16
O0449,C008,Mobile,Electronics,53935,8076.32,North,2026-03-15
O0450,C088,Sofa,Furniture,51979,7303.83,West,2026-05-16
O0451,C151,Laptop,Electronics,32388,4022.21,West,2025-06-03
O0452,C026,Table,Furniture,7753,1673.05,West,2025-12-22
O0453,C188,Sofa,Furniture,30240,3255.43,East,2025-06-01
O0454,C013,Laptop,Electronics,46502,11263.5,North,2026-05-06
O0455,C155,Table,Furniture,39883,9802.61,South,2025-08-06
O0456,C112,Printer,Electronics,18880,3632.91,South,2024-12-10
O0457,C183,Monitor,Electronics,32392,8073.61,South,2025-12-15
O0458,C110,Printer,Electronics,49028,8242.71,North,2025-11-11
O0459,C162,Monitor,Electronics,35525,6568.06,South,2025-02-02
O0460,C038,Sofa,Furniture,56704,8230.89,West,2025-10-07
O0461,C096,Chair,Furniture,37821,7386.87,North,2025-05-19
O0462,C075,Printer,Electronics,58898,12267.64,South,2026-03-11
O0463,C130,Laptop,Electronics,56053,6024.38,East,2025-12-24
O0464,C184,Printer,Electronics,8472,1099.95,East,2024-11-14
O0465,C146,Headphones,Electronics,50735,9993.02,South,2024-08-30
O0466,C126,Keyboard,Electronics,24799,2035.58,East,2026-06-11
O0467,C164,Keyboard,Electronics,9383,825.59,West,2025-07-29
O0468,C181,Keyboard,Electronics,34289,4858.66,South,2026-03-27
O0469,C135,Keyboard,Electronics,52569,4868.89,South,2024-10-14
O0470,C187,Table,Furniture,15803,1270.23,West,2025-04-14
O0471,C147,Monitor,Electronics,52060,4458.66,West,2025-04-07
O0472,C104,Keyboard,Electronics,8893,1246.79,South,2025-08-02
O0473,C173,Monitor,Electronics,17306,1599.43,East,2025-05-11
O0474,C048,Sofa,Furniture,17664,2425.39,East,2025-10-11
O0475,C194,Headphones,Electronics,24467,2158.52,South,2026-04-24
O0476,C200,Headphones,Electronics,42633,10270.56,East,2024-10-17
O0477,C142,Monitor,Electronics,59836,5213.95,East,2025-05-12
O0478,C123,Keyboard,Electronics,21381,4438.34,North,2025-10-21
O0479,C175,Chair,Furniture,7326,1063.52,South,2026-05-20
O0480,C044,Printer,Electronics,21646,5178.79,East,2026-02-23
O0481,C125,Chair,Furniture,14884,3475.84,North,2024-11-01
O0482,C084,Keyboard,Electronics,41263,6017.58,West,2025-01-13
O0483,C085,Printer,Electronics,18607,1532.67,North,2026-04-20
O0484,C140,Keyboard,Electronics,28750,5858.2,North,2024-12-05
O0485,C006,Mobile,Electronics,10547,1732.53,West,2025-09-01
O0486,C091,Chair,Furniture,48393,11033.55,West,2025-11-08
O0487,C057,Keyboard,Electronics,25083,3655.05,West,2025-01-23
O0488,C065,Table,Furniture,21347,3738.72,North,2026-05-07
O0489,C003,Table,Furniture,57918,10773.81,West,2026-05-07
O0490,C023,Printer,Electronics,29306,5091.11,East,2025-12-31
O0491,C030,Mobile,Electronics,1872,303.37,West,2024-09-25
O0492,C007,Laptop,Electronics,16335,3584.74,East,2024-06-29
O0493,C157,Keyboard,Electronics,9673,1301.14,East,2024-06-26
O0494,C098,Sofa,Furniture,15215,1275.47,South,2026-04-09
O0495,C173,Keyboard,Electronics,11884,1174.48,South,2024-11-17
O0496,C122,Mouse,Electronics,40714,4822.81,West,2024-09-19
O0497,C092,Sofa,Furniture,31996,5954.07,West,2026-02-14
O0498,C164,Printer,Electronics,40117,9622.67,North,2024-09-07
O0499,C037,Headphones,Electronics,8886,1521.19,South,2026-01-09
O0500,C103,Chair,Furniture,5884,1009.71,South,2025-06-27
O0501,C178,Laptop,Electronics,507,83.33,North,2026-02-15
O0502,C135,Mobile,Electronics,21447,3751.39,South,2025-01-10
O0503,C134,Mobile,Electronics,19225,2304.23,South,2025-08-11
O0504,C090,Table,Furniture,45407,5540.63,West,2024-06-27
O0505,C164,Mobile,Electronics,36459,2953.26,South,2026-02-11
O0506,C163,Laptop,Electronics,44184,7685.24,East,2025-05-05
O0507,C019,Mobile,Electronics,8846,1329.5,East,2025-03-13
O0508,C144,Printer,Electronics,53260,11916.98,North,2025-06-21
O0509,C074,Mouse,Electronics,6915,1004.84,South,2024-09-28
O0510,C130,Sofa,Furniture,40261,5885.95,West,2025-03-30
O0511,C064,Sofa,Furniture,16642,3891.86,West,2026-03-15
O0512,C195,Headphones,Electronics,34608,4006.46,South,2026-01-11
O0513,C015,Chair,Furniture,55772,4491.3,West,2024-06-22
O0514,C140,Keyboard,Electronics,28083,2273.28,North,2025-09-19
O0515,C024,Keyboard,Electronics,53897,8466.12,West,2024-08-28
O0516,C133,Chair,Furniture,40717,7297.2,South,2024-10-27
O0517,C013,Printer,Electronics,39388,7459.88,East,2024-07-31
O0518,C046,Table,Furniture,40161,6064.17,South,2025-06-06
O0519,C151,Monitor,Electronics,15732,3454.56,West,2025-01-11
O0520,C162,Laptop,Electronics,40121,9430.73,East,2025-10-16
O0521,C184,Mouse,Electronics,24115,3433.23,North,2026-06-13
O0522,C044,Table,Furniture,33839,6046.66,West,2024-10-18
O0523,C016,Chair,Furniture,31153,6944.67,East,2025-05-21
O0524,C044,Table,Furniture,10993,1378.82,South,2024-08-29
O0525,C087,Mobile,Electronics,30233,6296.07,North,2026-05-21
O0526,C129,Laptop,Electronics,42275,8500.16,West,2025-01-22
O0527,C130,Table,Furniture,21726,1917.84,North,2025-08-29
O0528,C046,Monitor,Electronics,56202,13691.3,West,2024-08-29
O0529,C160,Chair,Furniture,47128,5281.48,West,2026-04-05
O0530,C179,Mobile,Electronics,35123,8125.69,South,2024-07-19
O0531,C089,Mobile,Electronics,6658,1111.38,East,2024-12-11
O0532,C044,Headphones,Electronics,23449,2110.14,East,2024-09-26
O0533,C195,Keyboard,Electronics,35747,3297.99,West,2025-10-31
O0534,C083,Table,Furniture,21204,3184.33,East,2026-06-04
O0535,C133,Headphones,Electronics,51806,4167.67,East,2025-03-07
O0536,C128,Sofa,Furniture,24491,4758.45,West,2026-03-08
O0537,C026,Sofa,Furniture,7336,1103.87,West,2025-04-05
O0538,C181,Monitor,Electronics,34796,5027.88,South,2025-03-12
O0539,C087,Keyboard,Electronics,19853,3385.62,East,2025-02-20
O0540,C129,Headphones,Electronics,43006,4952.0,East,2025-05-03
O0541,C153,Printer,Electronics,29589,6719.69,North,2024-12-19
O0542,C153,Keyboard,Electronics,52191,8814.66,West,2024-12-09
O0543,C110,Monitor,Electronics,43217,7805.35,South,2025-09-24
O0544,C125,Printer,Electronics,36424,5459.91,West,2025-01-08
O0545,C107,Table,Furniture,50642,8560.92,North,2024-11-15
O0546,C092,Sofa,Furniture,42643,4756.11,South,2025-10-04
O0547,C034,Keyboard,Electronics,56104,6813.1,West,2024-09-03
O0548,C004,Mouse,Electronics,11991,2539.01,West,2026-04-30
O0549,C025,Monitor,Electronics,39549,4460.98,North,2024-10-12
O0550,C142,Monitor,Electronics,26918,3269.85,South,2025-05-24
O0551,C057,Sofa,Furniture,47087,7187.21,North,2025-04-26
O0552,C112,Monitor,Electronics,5741,814.6,North,2024-07-06
O0553,C046,Sofa,Furniture,18651,2304.82,West,2025-04-23
O0554,C033,Sofa,Furniture,11791,2811.11,South,2025-08-13
O0555,C177,Chair,Furniture,59348,10603.72,East,2025-04-14
O0556,C197,Keyboard,Electronics,3575,847.81,East,2025-06-08
O0557,C070,Mouse,Electronics,50340,5335.62,North,2026-03-01
O0558,C080,Mobile,Electronics,7351,772.36,East,2026-02-18
O0559,C030,Keyboard,Electronics,4958,543.04,North,2025-05-17
O0560,C004,Sofa,Furniture,20745,3570.1,East,2024-08-01
O0561,C105,Printer,Electronics,45400,10992.35,South,2025-04-17
O0562,C136,Sofa,Furniture,20544,3158.87,West,2025-11-11
O0563,C199,Chair,Furniture,1295,300.43,South,2024-06-28
O0564,C173,Keyboard,Electronics,41812,3413.65,East,2025-12-25
O0565,C191,Laptop,Electronics,21951,4185.71,North,2024-11-18
O0566,C025,Sofa,Furniture,10611,2158.75,South,2024-10-14
O0567,C144,Laptop,Electronics,13236,3266.79,South,2024-09-18
O0568,C057,Keyboard,Electronics,39782,5463.6,West,2024-09-11
O0569,C153,Printer,Electronics,24234,6026.72,East,2024-08-23
O0570,C129,Monitor,Electronics,45021,8277.41,West,2025-10-21
O0571,C106,Chair,Furniture,19110,1759.1,North,2024-11-28
O0572,C139,Chair,Furniture,33839,3347.01,North,2025-02-09
O0573,C200,Table,Furniture,13499,1500.77,East,2024-06-17
O0574,C010,Chair,Furniture,44934,8503.42,West,2026-03-30
O0575,C086,Headphones,Electronics,16384,1984.29,West,2024-09-12
O0576,C174,Monitor,Electronics,25225,6273.18,South,2024-08-13
O0577,C145,Printer,Electronics,56665,6738.09,South,2026-03-23
O0578,C182,Printer,Electronics,33093,2977.52,South,2025-01-31
O0579,C126,Printer,Electronics,12780,1687.84,North,2026-05-21
O0580,C121,Laptop,Electronics,51301,6275.65,North,2025-12-31
O0581,C086,Chair,Furniture,7735,1865.49,North,2024-08-12
O0582,C087,Sofa,Furniture,19376,1833.7,North,2024-11-19
O0583,C184,Printer,Electronics,39319,3812.89,North,2024-10-31
O0584,C107,Sofa,Furniture,57897,7078.43,South,2025-11-15
O0585,C144,Mouse,Electronics,5158,870.48,East,2025-12-14
O0586,C027,Mouse,Electronics,51941,5855.69,East,2025-11-12
O0587,C181,Keyboard,Electronics,23094,1933.99,East,2025-01-23
O0588,C043,Table,Furniture,29096,6457.09,West,2025-09-24
O0589,C162,Laptop,Electronics,54408,8294.42,West,2025-07-04
O0590,C102,Headphones,Electronics,9141,1909.71,West,2026-01-10
O0591,C022,Sofa,Furniture,13772,1613.88,North,2024-08-20
O0592,C057,Laptop,Electronics,54989,6376.08,West,2025-09-09
O0593,C035,Headphones,Electronics,26364,6587.12,East,2025-02-19
O0594,C135,Laptop,Electronics,21629,4077.31,West,2025-07-02
O0595,C074,Chair,Furniture,45374,8177.03,North,2024-11-16
O0596,C005,Monitor,Electronics,33990,4895.81,East,2025-12-12
O0597,C001,Printer,Electronics,987,150.55,South,2024-09-18
O0598,C010,Chair,Furniture,54844,13453.98,North,2025-07-10
O0599,C193,Printer,Electronics,58896,7051.97,East,2024-11-27
O0600,C047,Monitor,Electronics,12366,2812.8,North,2026-04-28
O0601,C147,Sofa,Furniture,27947,3603.18,North,2024-09-11
O0602,C068,Sofa,Furniture,3805,933.94,East,2025-11-21
O0603,C198,Printer,Electronics,11077,1869.0,North,2024-08-26
O0604,C071,Headphones,Electronics,15434,2825.75,South,2024-06-21
O0605,C048,Mouse,Electronics,46343,11543.12,East,2025-06-24
O0606,C094,Keyboard,Electronics,58851,14110.14,South,2026-04-09
O0607,C125,Printer,Electronics,45168,5360.11,South,2025-01-05
O0608,C167,Monitor,Electronics,16307,2647.31,South,2025-07-13
O0609,C136,Keyboard,Electronics,20135,3385.9,West,2025-05-02
O0610,C157,Mobile,Electronics,56869,9012.46,East,2025-04-11
O0611,C034,Headphones,Electronics,5247,695.68,North,2025-07-16
O0612,C195,Table,Furniture,49245,11820.07,West,2024-07-16
O0613,C016,Printer,Electronics,36917,7303.96,South,2026-01-20
O0614,C130,Laptop,Electronics,48849,4421.7,West,2025-07-25
O0615,C197,Monitor,Electronics,30133,4503.71,East,2025-08-31
O0616,C151,Mobile,Electronics,17847,1849.89,South,2024-12-25
O0617,C020,Mobile,Electronics,4889,477.32,East,2024-11-14
O0618,C171,Mouse,Electronics,38020,8695.41,East,2025-03-03
O0619,C039,Table,Furniture,42501,3513.34,East,2025-10-04
O0620,C049,Laptop,Electronics,3156,381.51,East,2026-05-17
O0621,C047,Printer,Electronics,52049,7201.2,East,2026-06-02
O0622,C160,Table,Furniture,47881,4762.81,South,2026-02-24
O0623,C167,Table,Furniture,11430,1615.52,West,2025-05-15
O0624,C143,Mouse,Electronics,29019,2800.51,West,2026-03-14
O0625,C005,Laptop,Electronics,24007,5678.76,East,2026-05-30
O0626,C168,Table,Furniture,17178,3037.09,South,2025-01-01
O0627,C121,Mouse,Electronics,2648,367.71,West,2025-08-12
O0628,C059,Mobile,Electronics,5561,824.58,South,2026-01-21
O0629,C118,Printer,Electronics,43871,5604.43,West,2026-02-12
O0630,C150,Laptop,Electronics,9685,1085.92,North,2025-11-21
O0631,C141,Mouse,Electronics,26489,4314.69,North,2026-04-24
O0632,C129,Laptop,Electronics,13666,2047.08,East,2025-07-09
O0633,C007,Headphones,Electronics,4411,530.0,West,2025-12-23
O0634,C080,Monitor,Electronics,23929,3747.95,South,2025-10-04
O0635,C092,Headphones,Electronics,22308,4028.42,West,2025-01-17
O0636,C071,Monitor,Electronics,42540,7804.78,West,2025-12-08
O0637,C023,Table,Furniture,35016,8052.57,South,2024-08-11
O0638,C062,Monitor,Electronics,13302,2236.7,West,2024-10-07
O0639,C023,Mobile,Electronics,10986,972.75,East,2024-09-27
O0640,C013,Table,Furniture,32233,4403.46,North,2026-05-04
O0641,C005,Mouse,Electronics,51018,7115.87,West,2026-03-19
O0642,C032,Headphones,Electronics,45424,10450.18,South,2025-03-16
O0643,C094,Mouse,Electronics,43786,9524.91,South,2026-03-05
O0644,C051,Mobile,Electronics,19904,2296.14,South,2025-05-23
O0645,C064,Monitor,Electronics,1738,392.5,North,2025-09-16
O0646,C100,Monitor,Electronics,41388,3380.99,North,2025-12-25
O0647,C127,Sofa,Furniture,29510,6032.02,North,2025-09-10
O0648,C199,Sofa,Furniture,7013,640.74,East,2025-04-07
O0649,C126,Mouse,Electronics,19881,2349.85,South,2024-12-29
O0650,C027,Laptop,Electronics,48211,6061.23,West,2024-10-16
O0651,C158,Mouse,Electronics,37469,3805.81,East,2025-06-30
O0652,C152,Sofa,Furniture,18627,4505.1,West,2026-03-04
O0653,C041,Chair,Furniture,30395,4775.38,North,2025-06-18
O0654,C061,Sofa,Furniture,18239,4168.99,East,2026-04-04
O0655,C190,Mobile,Electronics,32759,3534.18,East,2024-12-28
O0656,C151,Sofa,Furniture,42180,5807.65,North,2024-12-01
O0657,C048,Printer,Electronics,54691,10768.47,East,2025-10-29
O0658,C182,Table,Furniture,5904,877.56,South,2026-02-13
O0659,C064,Mobile,Electronics,32877,2783.25,North,2024-08-10
O0660,C153,Sofa,Furniture,16967,2072.43,South,2025-02-22
O0661,C180,Laptop,Electronics,58467,6540.62,West,2025-06-14
O0662,C043,Keyboard,Electronics,23719,2302.32,West,2025-03-03
O0663,C070,Sofa,Furniture,57929,10492.72,East,2024-06-24
O0664,C126,Mobile,Electronics,47164,11079.28,North,2025-11-03
O0665,C200,Printer,Electronics,33061,7416.02,East,2025-05-09
O0666,C067,Monitor,Electronics,14709,1358.64,South,2026-06-03
O0667,C057,Laptop,Electronics,56250,4667.65,South,2025-07-02
O0668,C005,Monitor,Electronics,42438,9420.06,West,2024-10-04
O0669,C178,Table,Furniture,17878,1893.17,South,2025-08-11
O0670,C140,Keyboard,Electronics,32248,4191.27,South,2026-05-11
O0671,C190,Mouse,Electronics,57222,13929.15,South,2026-01-09
O0672,C028,Chair,Furniture,29490,2975.95,West,2025-06-11
O0673,C189,Table,Furniture,22975,4982.9,South,2025-01-27
O0674,C144,Mouse,Electronics,39181,3222.06,South,2024-08-04
O0675,C139,Monitor,Electronics,24457,4579.46,North,2025-05-05
O0676,C155,Mouse,Electronics,42301,3600.62,West,2024-08-09
O0677,C153,Laptop,Electronics,20088,1882.39,West,2026-04-24
O0678,C124,Mouse,Electronics,48977,6488.73,East,2025-10-08
O0679,C008,Monitor,Electronics,2024,465.19,North,2025-08-26
O0680,C010,Mobile,Electronics,59620,14527.63,West,2025-08-13
O0681,C034,Chair,Furniture,47882,9555.39,East,2024-11-30
O0682,C193,Keyboard,Electronics,41814,10343.4,West,2025-11-09
O0683,C115,Sofa,Furniture,48333,4479.85,North,2025-04-27
O0684,C116,Printer,Electronics,30963,3955.69,South,2024-07-02
O0685,C083,Mouse,Electronics,36518,4657.8,North,2024-12-13
O0686,C113,Keyboard,Electronics,22180,4048.88,South,2026-03-26
O0687,C059,Mouse,Electronics,22911,2053.43,West,2025-08-20
O0688,C116,Printer,Electronics,38152,9170.35,East,2025-09-13
O0689,C153,Chair,Furniture,41756,3828.82,North,2025-10-18
O0690,C056,Table,Furniture,8028,1783.35,East,2025-06-10
O0691,C147,Printer,Electronics,42167,7238.82,South,2026-06-12
O0692,C150,Keyboard,Electronics,13190,2427.33,East,2025-05-30
O0693,C157,Keyboard,Electronics,39068,4945.46,South,2025-03-03
O0694,C136,Printer,Electronics,33701,6352.43,East,2025-05-14
O0695,C033,Headphones,Electronics,56241,6874.69,West,2025-09-11
O0696,C131,Mouse,Electronics,53141,12807.48,North,2024-10-30
O0697,C060,Mouse,Electronics,3606,639.99,South,2026-04-18
O0698,C022,Laptop,Electronics,51620,5389.07,South,2025-11-09
O0699,C130,Monitor,Electronics,21957,2811.08,East,2025-02-14
O0700,C119,Headphones,Electronics,12538,1842.37,West,2026-05-15
O0701,C152,Monitor,Electronics,13666,2093.99,North,2026-02-20
O0702,C054,Headphones,Electronics,635,80.2,East,2025-07-10
O0703,C180,Chair,Furniture,35231,4325.33,West,2025-09-20
O0704,C096,Keyboard,Electronics,15839,3397.78,West,2025-01-22
O0705,C065,Printer,Electronics,45243,10524.01,North,2025-12-30
O0706,C169,Mobile,Electronics,32467,5674.53,East,2025-07-27
O0707,C110,Headphones,Electronics,20832,4638.21,West,2026-02-24
O0708,C074,Mouse,Electronics,35120,6814.43,East,2025-12-05
O0709,C029,Laptop,Electronics,45545,10126.93,West,2026-05-20
O0710,C179,Table,Furniture,37286,3917.72,South,2026-04-07
O0711,C066,Mobile,Electronics,28868,3699.01,East,2025-07-20
O0712,C069,Laptop,Electronics,52023,12515.74,South,2026-02-20
O0713,C047,Headphones,Electronics,40006,4116.01,West,2024-09-17
O0714,C052,Table,Furniture,10478,880.25,North,2024-10-25
O0715,C040,Headphones,Electronics,17048,1431.39,North,2025-02-17
O0716,C012,Laptop,Electronics,57363,13674.09,North,2026-02-19
O0717,C026,Printer,Electronics,30914,4412.44,North,2025-06-12
O0718,C032,Laptop,Electronics,12403,2004.9,East,2025-07-02
O0719,C162,Sofa,Furniture,44366,9295.59,North,2025-01-15
O0720,C139,Headphones,Electronics,57855,5610.17,North,2024-12-14
O0721,C103,Sofa,Furniture,4463,572.55,East,2026-03-19
O0722,C085,Mobile,Electronics,39546,4475.22,North,2025-08-14
O0723,C029,Sofa,Furniture,11767,1134.24,South,2025-03-09
O0724,C177,Printer,Electronics,56042,4528.26,West,2024-07-07
O0725,C044,Sofa,Furniture,28989,5653.66,West,2025-09-14
O0726,C161,Laptop,Electronics,20123,2406.91,South,2025-04-30
O0727,C089,Headphones,Electronics,20493,4791.12,East,2025-11-27
O0728,C191,Headphones,Electronics,3752,300.2,North,2025-03-09
O0729,C134,Mobile,Electronics,38815,6232.27,East,2025-12-15
O0730,C120,Chair,Furniture,16301,3439.4,South,2024-12-13
O0731,C187,Chair,Furniture,53614,6370.23,West,2025-10-05
O0732,C107,Printer,Electronics,19044,4642.85,West,2024-09-15
O0733,C095,Keyboard,Electronics,52657,6582.29,North,2026-05-17
O0734,C188,Table,Furniture,31718,5252.47,West,2024-08-23
O0735,C066,Chair,Furniture,59417,7749.94,East,2024-11-03
O0736,C139,Printer,Electronics,22419,4348.83,North,2026-06-13
O0737,C039,Mouse,Electronics,4976,753.92,West,2025-09-17
O0738,C103,Printer,Electronics,47103,7629.61,North,2024-12-15
O0739,C023,Mouse,Electronics,11947,1205.74,West,2026-05-07
O0740,C178,Table,Furniture,51541,8787.41,North,2025-02-16
O0741,C098,Sofa,Furniture,58389,9818.95,South,2024-11-01
O0742,C093,Keyboard,Electronics,39200,9737.5,East,2025-09-27
O0743,C153,Mouse,Electronics,50616,8111.61,West,2024-12-19
O0744,C159,Chair,Furniture,6099,665.89,North,2026-06-08
O0745,C093,Laptop,Electronics,56673,11853.82,North,2024-11-10
O0746,C086,Headphones,Electronics,51614,9440.48,West,2025-12-17
O0747,C199,Table,Furniture,51933,12896.68,South,2025-03-05
O0748,C027,Keyboard,Electronics,10886,1729.47,West,2025-12-12
O0749,C110,Chair,Furniture,37573,3907.98,East,2026-02-01
O0750,C070,Chair,Furniture,50176,6071.86,South,2025-02-05
O0751,C087,Mouse,Electronics,44712,6129.04,West,2026-02-11
O0752,C127,Sofa,Furniture,34394,7838.27,North,2024-09-04
O0753,C080,Printer,Electronics,38240,3820.14,East,2025-03-01
O0754,C028,Printer,Electronics,8558,2124.24,South,2024-12-21
O0755,C027,Table,Furniture,34320,7504.51,South,2025-03-02
O0756,C145,Monitor,Electronics,59134,6750.74,West,2024-09-15
O0757,C111,Mouse,Electronics,16926,2445.95,East,2025-09-26
O0758,C139,Laptop,Electronics,58245,10358.27,North,2025-12-10
O0759,C109,Mouse,Electronics,26774,5433.86,North,2025-09-07
O0760,C040,Table,Furniture,45330,6989.17,East,2026-02-08
O0761,C020,Mobile,Electronics,53891,10363.09,North,2025-10-12
O0762,C007,Mouse,Electronics,24842,2308.63,North,2026-02-15
O0763,C109,Printer,Electronics,27681,6115.77,East,2026-06-16
O0764,C140,Sofa,Furniture,53909,8529.38,South,2026-04-22
O0765,C025,Mouse,Electronics,26985,2817.92,South,2024-12-10
O0766,C152,Chair,Furniture,42584,5101.05,East,2025-01-01
O0767,C125,Laptop,Electronics,6292,1489.22,West,2024-07-10
O0768,C195,Headphones,Electronics,33557,6445.72,North,2024-08-14
O0769,C051,Monitor,Electronics,2329,200.2,West,2024-12-01
O0770,C179,Sofa,Furniture,30589,3629.3,North,2024-07-04
O0771,C069,Sofa,Furniture,38189,6684.69,South,2024-12-04
O0772,C097,Keyboard,Electronics,23926,2096.54,South,2024-11-10
O0773,C080,Laptop,Electronics,22177,3287.65,East,2024-09-25
O0774,C024,Table,Furniture,34981,5753.79,East,2026-04-16
O0775,C005,Monitor,Electronics,55112,13249.56,West,2024-07-22
O0776,C155,Chair,Furniture,33454,4820.7,South,2025-06-18
O0777,C020,Monitor,Electronics,44265,8680.03,West,2025-02-03
O0778,C197,Sofa,Furniture,42715,9769.81,North,2024-08-20
O0779,C015,Laptop,Electronics,20220,3279.48,West,2025-11-24
O0780,C041,Mobile,Electronics,53931,12475.7,North,2025-03-11
O0781,C027,Headphones,Electronics,35698,3456.66,North,2025-10-17
O0782,C154,Headphones,Electronics,33173,6450.48,South,2025-01-01
O0783,C181,Sofa,Furniture,15607,3787.09,South,2025-10-29
O0784,C175,Keyboard,Electronics,6229,1024.23,East,2024-09-12
O0785,C112,Keyboard,Electronics,4301,393.02,South,2026-05-23
O0786,C037,Mobile,Electronics,49078,8533.06,East,2024-09-21
O0787,C193,Headphones,Electronics,44697,7982.19,West,2025-02-23
O0788,C126,Mobile,Electronics,29490,4284.94,West,2025-02-26
O0789,C039,Mobile,Electronics,4621,485.17,West,2025-08-27
O0790,C096,Printer,Electronics,10482,1916.35,West,2026-04-16
O0791,C101,Sofa,Furniture,49194,4365.13,North,2024-09-11
O0792,C116,Headphones,Electronics,5561,1235.1,West,2025-10-18
O0793,C142,Laptop,Electronics,2678,495.04,North,2024-12-23
O0794,C168,Monitor,Electronics,48193,4232.61,North,2024-11-04
O0795,C093,Mobile,Electronics,31603,7555.47,West,2024-11-20
O0796,C060,Keyboard,Electronics,46224,8037.39,East,2024-07-17
O0797,C192,Mobile,Electronics,45409,7179.05,North,2025-05-17
O0798,C100,Headphones,Electronics,29054,6417.47,North,2026-04-21
O0799,C137,Keyboard,Electronics,3768,608.71,East,2024-10-17
O0800,C088,Printer,Electronics,54601,10181.96,East,2025-01-16
O0801,C071,Table,Furniture,38031,7531.56,South,2024-06-30
O0802,C069,Printer,Electronics,10089,2209.98,East,2025-06-07
O0803,C032,Laptop,Electronics,31990,6959.41,West,2025-11-05
O0804,C162,Monitor,Electronics,54082,12158.01,East,2025-10-15
O0805,C015,Sofa,Furniture,51512,4273.05,South,2025-07-28
O0806,C087,Keyboard,Electronics,52928,10675.15,North,2025-08-09
O0807,C053,Chair,Furniture,23429,2443.43,West,2025-08-04
O0808,C147,Sofa,Furniture,3718,364.98,West,2026-04-27
O0809,C004,Mouse,Electronics,47165,6451.1,North,2025-11-09
O0810,C164,Headphones,Electronics,15800,3828.72,East,2025-10-17
O0811,C177,Printer,Electronics,12479,2865.08,South,2026-05-22
O0812,C172,Monitor,Electronics,58720,13950.0,East,2025-05-06
O0813,C066,Laptop,Electronics,18366,3029.66,South,2025-01-16
O0814,C162,Printer,Electronics,25968,2348.11,West,2025-02-09
O0815,C037,Headphones,Electronics,32455,3977.58,South,2024-09-13
O0816,C054,Printer,Electronics,4367,966.37,South,2025-02-27
O0817,C143,Chair,Furniture,58466,8690.18,East,2025-07-29
O0818,C064,Chair,Furniture,42784,8111.01,East,2024-06-30
O0819,C044,Mobile,Electronics,59710,11802.34,South,2025-05-03
O0820,C191,Mouse,Electronics,22145,5157.4,North,2024-09-11
O0821,C053,Mobile,Electronics,8360,1270.92,West,2025-10-24
O0822,C085,Chair,Furniture,51415,11182.65,North,2025-08-02
O0823,C011,Headphones,Electronics,21182,4049.85,West,2025-02-06
O0824,C190,Chair,Furniture,59374,12118.73,West,2024-11-02
O0825,C124,Laptop,Electronics,6974,985.9,North,2026-05-26
O0826,C123,Mobile,Electronics,32558,3572.87,South,2024-08-19
O0827,C105,Headphones,Electronics,34618,5358.68,South,2025-06-10
O0828,C170,Laptop,Electronics,57217,12479.93,West,2025-03-25
O0829,C106,Laptop,Electronics,6225,788.64,South,2026-06-05
O0830,C161,Monitor,Electronics,16320,2233.05,West,2024-10-18
O0831,C190,Printer,Electronics,22773,3174.2,South,2025-12-05
O0832,C039,Chair,Furniture,12435,1677.23,South,2025-08-04
O0833,C157,Printer,Electronics,36834,7436.0,West,2026-03-26
O0834,C048,Chair,Furniture,3564,534.5,South,2024-12-04
O0835,C027,Keyboard,Electronics,5287,1082.3,East,2025-12-02
O0836,C087,Table,Furniture,48860,5589.36,West,2026-02-16
O0837,C109,Mouse,Electronics,43762,10080.21,West,2024-08-11
O0838,C103,Chair,Furniture,41486,6731.68,South,2024-11-07
O0839,C129,Mobile,Electronics,52007,4527.0,South,2025-08-29
O0840,C059,Laptop,Electronics,9231,1792.55,North,2025-11-09
O0841,C197,Table,Furniture,5394,795.43,North,2025-08-09
O0842,C200,Printer,Electronics,28945,5621.87,West,2025-11-20
O0843,C133,Printer,Electronics,12179,2090.4,East,2025-04-25
O0844,C116,Laptop,Electronics,20113,1772.27,South,2026-03-18
O0845,C037,Chair,Furniture,24493,2005.77,South,2025-04-25
O0846,C070,Headphones,Electronics,53123,12162.61,East,2025-03-16
O0847,C090,Mobile,Electronics,38326,7979.65,West,2025-01-17
O0848,C077,Mobile,Electronics,29504,4564.02,South,2026-06-12
O0849,C115,Laptop,Electronics,11640,1893.26,West,2024-08-11
O0850,C168,Headphones,Electronics,19469,2528.8,North,2025-05-28
O0851,C154,Laptop,Electronics,55458,9564.08,East,2025-11-06
O0852,C185,Mouse,Electronics,44430,4582.68,West,2025-03-05
O0853,C045,Headphones,Electronics,52886,5104.96,South,2025-05-20
O0854,C024,Mobile,Electronics,26936,4937.77,South,2025-06-24
O0855,C153,Mouse,Electronics,19601,2971.52,South,2026-04-19
O0856,C102,Mouse,Electronics,29062,3583.63,West,2026-05-15
O0857,C004,Chair,Furniture,25204,5085.48,South,2026-05-14
O0858,C180,Headphones,Electronics,41104,3290.13,South,2025-07-13
O0859,C072,Mouse,Electronics,1984,487.62,West,2025-02-25
O0860,C098,Headphones,Electronics,8649,808.28,South,2025-03-10
O0861,C123,Headphones,Electronics,56969,10720.51,North,2024-08-06
O0862,C112,Headphones,Electronics,24443,5338.14,West,2025-09-18
O0863,C161,Chair,Furniture,19900,4613.45,North,2024-09-12
O0864,C161,Keyboard,Electronics,44275,8664.41,West,2026-06-11
O0865,C088,Laptop,Electronics,18586,3583.37,South,2024-06-18
O0866,C005,Keyboard,Electronics,27385,6483.19,North,2024-06-28
O0867,C124,Printer,Electronics,52816,8088.71,East,2025-04-09
O0868,C051,Laptop,Electronics,23526,4464.82,West,2025-12-18
O0869,C082,Printer,Electronics,3714,830.36,East,2025-12-01
O0870,C076,Laptop,Electronics,10518,1883.72,South,2025-01-14
O0871,C111,Sofa,Furniture,46420,6569.61,South,2026-03-15
O0872,C149,Printer,Electronics,40856,6862.69,South,2025-09-23
O0873,C050,Sofa,Furniture,57176,8060.9,East,2025-02-04
O0874,C005,Laptop,Electronics,53224,4523.93,West,2024-08-23
O0875,C081,Printer,Electronics,41336,4833.14,South,2025-07-19
O0876,C010,Monitor,Electronics,29511,4052.95,North,2024-07-28
O0877,C112,Mouse,Electronics,39583,8887.17,North,2026-03-18
O0878,C160,Laptop,Electronics,58056,6822.38,South,2026-03-22
O0879,C118,Mobile,Electronics,7741,792.56,North,2025-09-14
O0880,C020,Laptop,Electronics,13667,2090.77,North,2025-10-07
O0881,C141,Mobile,Electronics,27776,2918.73,South,2025-01-02
O0882,C003,Table,Furniture,4026,410.77,West,2025-02-21
O0883,C010,Laptop,Electronics,16813,3929.96,South,2024-08-13
O0884,C047,Keyboard,Electronics,33771,3547.28,North,2025-07-15
O0885,C160,Keyboard,Electronics,21962,5054.25,West,2025-10-08
O0886,C035,Chair,Furniture,38630,4612.29,East,2025-04-05
O0887,C099,Monitor,Electronics,17978,2043.47,East,2025-09-02
O0888,C168,Mobile,Electronics,9759,1296.54,East,2025-08-11
O0889,C140,Chair,Furniture,43840,5801.64,East,2026-01-23
O0890,C176,Chair,Furniture,43277,10716.97,East,2024-10-23
O0891,C185,Mouse,Electronics,32325,5994.27,South,2025-07-26
O0892,C027,Monitor,Electronics,54736,10141.96,North,2025-03-01
O0893,C093,Table,Furniture,26549,3228.08,West,2024-11-15
O0894,C175,Mobile,Electronics,8095,1588.58,South,2024-10-26
O0895,C196,Mouse,Electronics,46135,6228.66,North,2025-01-03
O0896,C199,Sofa,Furniture,18927,2708.88,East,2024-10-12
O0897,C072,Keyboard,Electronics,53184,8926.12,South,2024-12-08
O0898,C039,Sofa,Furniture,42203,3882.25,West,2025-07-30
O0899,C090,Mobile,Electronics,34256,5475.91,East,2025-08-21
O0900,C099,Chair,Furniture,21118,3715.6,East,2025-05-17
O0901,C001,Keyboard,Electronics,41471,3859.95,North,2026-04-16
O0902,C048,Laptop,Electronics,52458,8560.83,West,2024-09-27
O0903,C163,Table,Furniture,18765,3110.36,North,2025-05-13
O0904,C166,Laptop,Electronics,59245,12683.46,West,2025-04-17
O0905,C199,Monitor,Electronics,15819,1537.15,West,2025-10-19
O0906,C051,Mouse,Electronics,2473,525.34,South,2025-05-18
O0907,C149,Laptop,Electronics,934,129.02,East,2026-01-14
O0908,C162,Keyboard,Electronics,56617,13873.22,South,2024-07-21
O0909,C171,Keyboard,Electronics,52617,12770.28,West,2025-09-04
O0910,C184,Printer,Electronics,4030,460.56,South,2025-06-06
O0911,C025,Mouse,Electronics,50596,9579.74,East,2025-07-17
O0912,C007,Sofa,Furniture,41356,8442.52,South,2026-01-11
O0913,C068,Sofa,Furniture,45170,8085.55,North,2025-07-20
O0914,C137,Keyboard,Electronics,34486,4851.91,West,2026-05-22
O0915,C074,Keyboard,Electronics,38597,6209.26,West,2024-09-22
O0916,C036,Mobile,Electronics,54623,13551.71,North,2025-04-24
O0917,C102,Headphones,Electronics,14811,1931.64,South,2026-02-16
O0918,C124,Printer,Electronics,57511,7599.67,West,2024-10-10
O0919,C085,Mobile,Electronics,9434,1792.22,West,2025-07-05
O0920,C183,Headphones,Electronics,33127,5234.47,South,2025-02-17
O0921,C067,Mobile,Electronics,21306,5304.6,East,2026-02-27
O0922,C133,Printer,Electronics,1549,192.98,West,2024-09-18
O0923,C085,Mobile,Electronics,44480,10268.19,South,2026-03-03
O0924,C054,Mouse,Electronics,36333,3231.32,South,2025-05-28
O0925,C064,Chair,Furniture,57605,11300.7,West,2025-10-05
O0926,C121,Chair,Furniture,3998,843.04,North,2025-12-20
O0927,C180,Mobile,Electronics,18582,3688.42,South,2024-09-02
O0928,C103,Laptop,Electronics,37699,8001.93,West,2025-01-17
O0929,C135,Mobile,Electronics,25213,4780.3,East,2026-02-05
O0930,C048,Mouse,Electronics,34139,2970.65,West,2024-08-22
O0931,C173,Mobile,Electronics,47628,8741.4,West,2024-08-17
O0932,C057,Sofa,Furniture,55780,9504.19,North,2026-04-22
O0933,C142,Keyboard,Electronics,55776,13581.22,West,2025-10-14
O0934,C113,Mobile,Electronics,12096,1349.11,North,2025-12-10
O0935,C181,Mobile,Electronics,52951,8361.84,East,2025-08-27
O0936,C131,Laptop,Electronics,6003,973.46,South,2026-03-03
O0937,C148,Chair,Furniture,21336,3559.92,West,2024-07-22
O0938,C137,Mouse,Electronics,41408,7570.46,West,2026-06-01
O0939,C112,Sofa,Furniture,38252,3812.07,East,2025-02-16
O0940,C166,Monitor,Electronics,13485,2088.86,South,2026-02-13
O0941,C057,Mouse,Electronics,29600,2388.14,West,2025-06-03
O0942,C129,Sofa,Furniture,17013,1511.54,East,2025-05-03
O0943,C198,Headphones,Electronics,50769,6829.77,North,2025-07-01
O0944,C027,Mouse,Electronics,59342,13674.04,North,2026-05-04
O0945,C097,Mobile,Electronics,22824,3890.69,West,2025-06-30
O0946,C013,Chair,Furniture,52470,11444.97,West,2024-07-02
O0947,C022,Sofa,Furniture,14118,1965.04,South,2024-09-20
O0948,C194,Table,Furniture,12396,2344.67,East,2025-09-19
O0949,C111,Sofa,Furniture,7497,935.9,North,2026-01-13
O0950,C090,Sofa,Furniture,45752,9455.48,North,2026-01-25
O0951,C176,Table,Furniture,12265,2609.0,North,2026-01-26
O0952,C173,Sofa,Furniture,49822,8851.62,West,2026-03-24
O0953,C150,Laptop,Electronics,5651,1034.58,East,2024-09-30
O0954,C094,Table,Furniture,56592,11159.45,West,2025-09-04
O0955,C129,Sofa,Furniture,26749,6336.45,North,2026-03-10
O0956,C027,Printer,Electronics,20953,5028.7,West,2025-03-23
O0957,C049,Headphones,Electronics,50204,10426.55,South,2026-06-01
O0958,C069,Laptop,Electronics,43925,8165.48,East,2025-04-11
O0959,C188,Laptop,Electronics,39142,4109.6,West,2024-12-25
O0960,C042,Mouse,Electronics,3743,360.85,West,2026-03-10
O0961,C100,Table,Furniture,53847,8952.56,West,2024-06-25
O0962,C011,Mobile,Electronics,58934,8577.54,South,2025-10-17
O0963,C096,Headphones,Electronics,30237,6091.71,North,2025-12-28
O0964,C190,Chair,Furniture,35543,6507.0,South,2024-08-29
O0965,C075,Keyboard,Electronics,13463,2050.89,West,2025-06-01
O0966,C110,Monitor,Electronics,52196,8647.05,North,2024-12-15
O0967,C161,Mouse,Electronics,5740,818.86,North,2024-12-06
O0968,C053,Table,Furniture,38802,6387.94,North,2024-06-29
O0969,C005,Chair,Furniture,33036,7954.04,North,2024-12-23
O0970,C068,Headphones,Electronics,41754,10241.55,North,2026-01-20
O0971,C137,Sofa,Furniture,30567,4545.96,East,2025-06-22
O0972,C044,Chair,Furniture,50951,7895.99,North,2024-10-22
O0973,C113,Monitor,Electronics,57425,10404.81,South,2025-01-23
O0974,C133,Table,Furniture,2786,682.28,South,2024-12-10
O0975,C194,Laptop,Electronics,19035,2022.34,East,2026-04-24
O0976,C056,Chair,Furniture,38347,9014.35,East,2026-02-21
O0977,C040,Table,Furniture,52858,12787.75,West,2024-07-12
O0978,C059,Chair,Furniture,44124,6375.53,East,2026-02-25
O0979,C187,Table,Furniture,18251,3488.72,West,2025-09-14
O0980,C097,Table,Furniture,58225,6433.18,North,2025-01-14
O0981,C095,Printer,Electronics,27095,2745.02,South,2025-12-28
O0982,C036,Keyboard,Electronics,901,118.51,North,2025-04-05
O0983,C017,Headphones,Electronics,58853,14314.02,South,2025-07-25
O0984,C193,Keyboard,Electronics,25909,4325.9,North,2025-12-01
O0985,C056,Laptop,Electronics,23249,5168.42,North,2025-10-18
O0986,C119,Laptop,Electronics,42803,10482.5,North,2026-04-14
O0987,C164,Laptop,Electronics,27482,6738.69,West,2026-04-15
O0988,C051,Sofa,Furniture,36621,7083.78,North,2025-11-22
O0989,C034,Monitor,Electronics,13542,2278.91,West,2024-12-01
O0990,C050,Sofa,Furniture,7287,1420.68,North,2025-05-06
O0991,C176,Monitor,Electronics,4934,1166.38,North,2025-11-25
O0992,C198,Chair,Furniture,42300,6266.87,East,2024-10-17
O0993,C122,Chair,Furniture,58182,8256.65,South,2026-02-07
O0994,C186,Mobile,Electronics,47094,8861.65,West,2025-11-30
O0995,C120,Chair,Furniture,23213,2745.7,West,2026-01-09
O0996,C044,Headphones,Electronics,45640,10977.92,West,2024-10-17
O0997,C167,Headphones,Electronics,21772,4310.31,North,2025-09-24
O0998,C170,Printer,Electronics,26113,2453.37,West,2026-05-18
O0999,C143,Sofa,Furniture,30227,4175.57,North,2025-09-29
O1000,C158,Monitor,Electronics,58713,4764.8,East,2026-05-21
